CREATE DATABASE  IF NOT EXISTS `db_mekar` /*!40100 DEFAULT CHARACTER SET utf8mb4 COLLATE utf8mb4_0900_ai_ci */ /*!80016 DEFAULT ENCRYPTION='N' */;
USE `db_mekar`;
-- MySQL dump 10.13  Distrib 8.0.20, for Win64 (x86_64)
--
-- Host: localhost    Database: db_mekar
-- ------------------------------------------------------
-- Server version	8.0.20

/*!40101 SET @OLD_CHARACTER_SET_CLIENT=@@CHARACTER_SET_CLIENT */;
/*!40101 SET @OLD_CHARACTER_SET_RESULTS=@@CHARACTER_SET_RESULTS */;
/*!40101 SET @OLD_COLLATION_CONNECTION=@@COLLATION_CONNECTION */;
/*!50503 SET NAMES utf8 */;
/*!40103 SET @OLD_TIME_ZONE=@@TIME_ZONE */;
/*!40103 SET TIME_ZONE='+00:00' */;
/*!40014 SET @OLD_UNIQUE_CHECKS=@@UNIQUE_CHECKS, UNIQUE_CHECKS=0 */;
/*!40014 SET @OLD_FOREIGN_KEY_CHECKS=@@FOREIGN_KEY_CHECKS, FOREIGN_KEY_CHECKS=0 */;
/*!40101 SET @OLD_SQL_MODE=@@SQL_MODE, SQL_MODE='NO_AUTO_VALUE_ON_ZERO' */;
/*!40111 SET @OLD_SQL_NOTES=@@SQL_NOTES, SQL_NOTES=0 */;

--
-- Table structure for table `admin`
--

DROP TABLE IF EXISTS `admin`;
/*!40101 SET @saved_cs_client     = @@character_set_client */;
/*!50503 SET character_set_client = utf8mb4 */;
CREATE TABLE `admin` (
  `id` int NOT NULL AUTO_INCREMENT,
  `username` varchar(200) DEFAULT NULL,
  `password` varchar(200) DEFAULT NULL,
  `status` varchar(200) NOT NULL DEFAULT 'A',
  PRIMARY KEY (`id`)
) ENGINE=InnoDB AUTO_INCREMENT=2 DEFAULT CHARSET=utf8mb4 COLLATE=utf8mb4_0900_ai_ci;
/*!40101 SET character_set_client = @saved_cs_client */;

--
-- Dumping data for table `admin`
--

LOCK TABLES `admin` WRITE;
/*!40000 ALTER TABLE `admin` DISABLE KEYS */;
INSERT INTO `admin` VALUES (1,'admin','admin','A');
/*!40000 ALTER TABLE `admin` ENABLE KEYS */;
UNLOCK TABLES;

--
-- Table structure for table `pekerjaan`
--

DROP TABLE IF EXISTS `pekerjaan`;
/*!40101 SET @saved_cs_client     = @@character_set_client */;
/*!50503 SET character_set_client = utf8mb4 */;
CREATE TABLE `pekerjaan` (
  `id` int NOT NULL AUTO_INCREMENT,
  `nama` varchar(200) DEFAULT NULL,
  `status` varchar(200) NOT NULL DEFAULT 'A',
  PRIMARY KEY (`id`)
) ENGINE=InnoDB AUTO_INCREMENT=4 DEFAULT CHARSET=utf8mb4 COLLATE=utf8mb4_0900_ai_ci;
/*!40101 SET character_set_client = @saved_cs_client */;

--
-- Dumping data for table `pekerjaan`
--

LOCK TABLES `pekerjaan` WRITE;
/*!40000 ALTER TABLE `pekerjaan` DISABLE KEYS */;
INSERT INTO `pekerjaan` VALUES (1,'PNS','A'),(2,'Wirausaha','A'),(3,'Wiraswasta','A');
/*!40000 ALTER TABLE `pekerjaan` ENABLE KEYS */;
UNLOCK TABLES;

--
-- Table structure for table `pendidikan`
--

DROP TABLE IF EXISTS `pendidikan`;
/*!40101 SET @saved_cs_client     = @@character_set_client */;
/*!50503 SET character_set_client = utf8mb4 */;
CREATE TABLE `pendidikan` (
  `id` int NOT NULL AUTO_INCREMENT,
  `nama` varchar(200) DEFAULT NULL,
  `status` varchar(200) NOT NULL DEFAULT 'A',
  PRIMARY KEY (`id`)
) ENGINE=InnoDB AUTO_INCREMENT=8 DEFAULT CHARSET=utf8mb4 COLLATE=utf8mb4_0900_ai_ci;
/*!40101 SET character_set_client = @saved_cs_client */;

--
-- Dumping data for table `pendidikan`
--

LOCK TABLES `pendidikan` WRITE;
/*!40000 ALTER TABLE `pendidikan` DISABLE KEYS */;
INSERT INTO `pendidikan` VALUES (1,'SD','A'),(2,'SMP','A'),(3,'SMA','A'),(4,'Diploma','A'),(5,'Sarjana','A'),(6,'Magister','A'),(7,'Doktor','A');
/*!40000 ALTER TABLE `pendidikan` ENABLE KEYS */;
UNLOCK TABLES;

--
-- Table structure for table `user`
--

DROP TABLE IF EXISTS `user`;
/*!40101 SET @saved_cs_client     = @@character_set_client */;
/*!50503 SET character_set_client = utf8mb4 */;
CREATE TABLE `user` (
  `id` int NOT NULL AUTO_INCREMENT,
  `nama` varchar(200) DEFAULT NULL,
  `tanggal_lahir` date DEFAULT NULL,
  `no_ktp` varchar(200) DEFAULT NULL,
  `id_pekerjaan` int DEFAULT NULL,
  `id_pendidikan` int DEFAULT NULL,
  `status` varchar(200) NOT NULL DEFAULT 'A',
  PRIMARY KEY (`id`)
) ENGINE=InnoDB AUTO_INCREMENT=8 DEFAULT CHARSET=utf8mb4 COLLATE=utf8mb4_0900_ai_ci;
/*!40101 SET character_set_client = @saved_cs_client */;

--
-- Dumping data for table `user`
--

LOCK TABLES `user` WRITE;
/*!40000 ALTER TABLE `user` DISABLE KEYS */;
INSERT INTO `user` VALUES (1,'User 1 (update)','2222-02-22','123222222',3,7,'A'),(2,'user 2 (update)','2222-02-22','222222222222222',2,2,'I'),(3,'User 3','2021-03-04','52534',2,1,'I'),(4,'User 4','2021-03-04','54343',1,7,'A'),(5,'aAAA','2222-02-22','32323',2,2,'A'),(6,'VVVBB','0553-05-23','1231231',3,7,'A'),(7,'335','0042-02-04','234234',1,2,'A');
/*!40000 ALTER TABLE `user` ENABLE KEYS */;
UNLOCK TABLES;
/*!40103 SET TIME_ZONE=@OLD_TIME_ZONE */;

/*!40101 SET SQL_MODE=@OLD_SQL_MODE */;
/*!40014 SET FOREIGN_KEY_CHECKS=@OLD_FOREIGN_KEY_CHECKS */;
/*!40014 SET UNIQUE_CHECKS=@OLD_UNIQUE_CHECKS */;
/*!40101 SET CHARACTER_SET_CLIENT=@OLD_CHARACTER_SET_CLIENT */;
/*!40101 SET CHARACTER_SET_RESULTS=@OLD_CHARACTER_SET_RESULTS */;
/*!40101 SET COLLATION_CONNECTION=@OLD_COLLATION_CONNECTION */;
/*!40111 SET SQL_NOTES=@OLD_SQL_NOTES */;

-- Dump completed on 2021-03-01 19:02:09
